"label,C,20","UTM_X,N,19,11","UTM_Y,N,19,11"
p1,7.634935,45.117012
p2,7.635583,45.116783
p3,7.765073,45.139168